{
  "employees": [
    {
      "id": 1,
      "FirstName": "Shannon",
      "LastName": "Lynch",
      "DateOfBirth": "04-10-1995",
      "StartDate": "1-04-2023",
      "Department": "QA",
      "JobTitle": "QA analyst",
      "Email": "shannonlynch@outlook.com.au",
      "Mobile": "0408826332",
      "Address": "29 Baronga Street Jordan Springs 2747 NSW",
      "BaseSalary": "120000"
    },
    {
      "id": 2,
      "FirstName": "Sebastian",
      "LastName": "Eschweiler",
      "DateOfBirth": "04-10-1975",
      "StartDate": "1-01-2003",
      "Department": "Sales",
      "JobTitle": "Executive Salesman",
      "Email": "Sebastian@outlook.com.au",
      "Mobile": "0405823382",
      "Address": "5 Dave street Dubbo 2959 NSW",
      "BaseSalary": "190000"
    },
    {
      "id": 3,
      "FirstName": "Steve",
      "LastName": "Palmer",
      "DateOfBirth": "04-10-1985",
      "StartDate": "1-01-2001",
      "Department": "HR",
      "JobTitle": "HR Manager",
      "Email": "StevePalmer@outlook.com.au",
      "Mobile": "0405823364",
      "Address": "5 John street Penrith 2747 NSW",
      "BaseSalary": "110000"
    },
    {
      "id": 4,
      "FirstName": "Ann",
      "LastName": "Smith",
      "DateOfBirth": "05-11-1999",
      "StartDate": "1-01-2020",
      "Department": "Development",
      "JobTitle": "Tech Lead",
      "Email": "StevePalmer@outlook.com.au",
      "Mobile": "0405456364",
      "Address": "97 Bob street Penrith 2747 NSW",
      "BaseSalary": "156000"
    },
    {
      "FirstName": "Bob",
      "id": 5
    },
    {
      "FirstName": "Bob",
      "id": 6
    },
    {
      "id": 7
    },
    {
      "id": 9
    },
    {
      "id": 10
    },
    {
      "FirstName": "Shannon",
      "LastName": "Lynch",
      "DateOfBirth": "04-10-1995",
      "StartDate": "1-04-2023",
      "Department": "QA",
      "JobTitle": "QA analyst",
      "Email": "shannonlynch@outlook.com.au",
      "Mobile": "0408826332",
      "Address": "29 Baronga Street Jordan Springs 2747 NSW",
      "BaseSalary": "120000",
      "id": 11
    },
    {
      "FirstName": "Shannon",
      "LastName": "Lynch",
      "DateOfBirth": "04-10-1995",
      "StartDate": "1-04-2023",
      "Department": "QA",
      "JobTitle": "QA analyst",
      "Email": "shannonlynch@outlook.com.au",
      "Mobile": "0408826332",
      "Address": "29 Baronga Street Jordan Springs 2747 NSW",
      "BaseSalary": "120000",
      "id": 12
    },
    {
      "FirstName": "Shannon",
      "LastName": "Lynch",
      "DateOfBirth": "04-10-1995",
      "StartDate": "1-04-2023",
      "Department": "QA",
      "JobTitle": "QA analyst",
      "Email": "shannonlynch@outlook.com.au",
      "Mobile": "0408826332",
      "Address": "29 Baronga Street Jordan Springs 2747 NSW",
      "BaseSalary": "120000",
      "id": 13
    },
    {
      "FirstName": "Shannon",
      "LastName": "Lynch",
      "DateOfBirth": "04-10-1995",
      "StartDate": "1-04-2023",
      "Department": "QA",
      "JobTitle": "QA analyst",
      "Email": "shannonlynch@outlook.com.au",
      "Mobile": "0408826332",
      "Address": "29 Baronga Street Jordan Springs 2747 NSW",
      "BaseSalary": "120000",
      "id": 14
    },
    {
      "FirstName": "Shannon",
      "LastName": "Lynch",
      "DateOfBirth": "04-10-1995",
      "StartDate": "1-04-2023",
      "Department": "QA",
      "JobTitle": "QA analyst",
      "Email": "shannonlynch@outlook.com.au",
      "Mobile": "0408826332",
      "Address": "29 Baronga Street Jordan Springs 2747 NSW",
      "BaseSalary": "120000",
      "id": 15
    },
    {
      "FirstName": "Shannon",
      "LastName": "Lynch",
      "DateOfBirth": "04-10-1995",
      "StartDate": "1-04-2023",
      "Department": "QA",
      "JobTitle": "QA analyst",
      "Email": "shannonlynch@outlook.com.au",
      "Mobile": "0408826332",
      "Address": "29 Baronga Street Jordan Springs 2747 NSW",
      "BaseSalary": "120000",
      "id": 16
    },
    {
      "FirstName": "Shannon",
      "LastName": "Lynch",
      "DateOfBirth": "04-10-1995",
      "StartDate": "1-04-2023",
      "Department": "QA",
      "JobTitle": "QA analyst",
      "Email": "shannonlynch@outlook.com.au",
      "Mobile": "0408826332",
      "Address": "29 Baronga Street Jordan Springs 2747 NSW",
      "BaseSalary": "120000",
      "id": 17
    },
    {
      "FirstName": "Shannon",
      "LastName": "Lynch",
      "DateOfBirth": "04-10-1995",
      "StartDate": "1-04-2023",
      "Department": "QA",
      "JobTitle": "QA analyst",
      "Email": "shannonlynch@outlook.com.au",
      "Mobile": "0408826332",
      "Address": "29 Baronga Street Jordan Springs 2747 NSW",
      "BaseSalary": "120000",
      "id": 18
    },
    {
      "FirstName": "Shannon",
      "LastName": "Lynch",
      "DateOfBirth": "04-10-1995",
      "StartDate": "1-04-2023",
      "Department": "QA",
      "JobTitle": "QA analyst",
      "Email": "shannonlynch@outlook.com.au",
      "Mobile": "0408826332",
      "Address": "29 Baronga Street Jordan Springs 2747 NSW",
      "BaseSalary": "120000",
      "id": 19
    },
    {
      "id": 20
    },
    {
      "id": 21
    },
    {
      "id": 22
    },
    {
      "id": 23
    },
    {
      "id": 24
    },
    {
      "id": 25
    },
    {
      "id": 26
    },
    {
      "id": 27
    },
    {
      "id": 28
    },
    {
      "id": 29
    },
    {
      "id": 30
    },
    {
      "id": 31
    },
    {
      "id": 32
    },
    {
      "id": 33
    },
    {
      "id": 34
    },
    {
      "id": 35
    },
    {
      "id": 36
    },
    {
      "id": 37
    },
    {
      "id": 38
    },
    {
      "id": 39
    },
    {
      "id": 40
    },
    {
      "id": 41
    },
    {
      "id": 42
    },
    {
      "id": 43
    },
    {
      "id": 44
    },
    {
      "id": 45
    },
    {
      "id": 46
    },
    {
      "id": 47
    },
    {
      "id": 48
    },
    {
      "id": 49
    },
    {
      "id": 50
    },
    {
      "id": 51
    },
    {
      "id": 52
    },
    {
      "id": 53
    },
    {
      "id": 54
    },
    {
      "id": 55
    },
    {
      "id": 56
    },
    {
      "id": 57
    },
    {
      "id": 58
    },
    {
      "id": 59
    },
    {
      "id": 60
    },
    {
      "FirstName": "Shannon",
      "LastName": "Lynch",
      "DateOfBirth": "04/10/1995",
      "StartDate": "1/04/2023",
      "Department": "QA",
      "JobTitle": "QA analyst",
      "Email": "shannonlynch@outlook.com.au",
      "Mobile": "0408826332",
      "Address": "29 Baronga Street Jordan Springs 2747 NSW",
      "BaseSalary": "120000",
      "id": 61
    },
    {
      "FirstName": "Shannon",
      "LastName": "Lynch",
      "DateOfBirth": "04/10/1995",
      "StartDate": "1/04/2023",
      "Department": "QA",
      "JobTitle": "QA analyst",
      "Email": "shannonlynch@outlook.com.au",
      "Mobile": "0408826332",
      "Address": "29 Baronga Street Jordan Springs 2747 NSW",
      "BaseSalary": "120000",
      "id": 62
    },
    {
      "FirstName": "Shannon",
      "LastName": "Lynch",
      "DateOfBirth": "04/10/1995",
      "StartDate": "1/04/2023",
      "Department": "QA",
      "JobTitle": "QA analyst",
      "Email": "shannonlynch@outlook.com.au",
      "Mobile": "0408826332",
      "Address": "29 Baronga Street Jordan Springs 2747 NSW",
      "BaseSalary": "120000",
      "id": 63
    },
    {
      "FirstName": "Shannon",
      "LastName": "Lynch",
      "DateOfBirth": "04/10/1995",
      "StartDate": "1/04/2023",
      "Department": "QA",
      "JobTitle": "QA analyst",
      "Email": "shannonlynch@outlook.com.au",
      "Mobile": "0408826332",
      "Address": "29 Baronga Street Jordan Springs 2747 NSW",
      "BaseSalary": "120000",
      "id": 64
    },
    {
      "FirstName": "Shannon",
      "LastName": "Lynch",
      "DateOfBirth": "04/10/1995",
      "StartDate": "1/04/2023",
      "Department": "QA",
      "JobTitle": "QA analyst",
      "Email": "shannonlynch@outlook.com.au",
      "Mobile": "0408826332",
      "Address": "29 Baronga Street Jordan Springs 2747 NSW",
      "BaseSalary": "120000",
      "id": 65
    },
    {
      "FirstName": "Shannon",
      "LastName": "Lynch",
      "DateOfBirth": "04/10/1995",
      "StartDate": "1/04/2023",
      "Department": "QA",
      "JobTitle": "QA analyst",
      "Email": "shannonlynch@outlook.com.au",
      "Mobile": "0408826332",
      "Address": "29 Baronga Street Jordan Springs 2747 NSW",
      "BaseSalary": "120000",
      "id": 66
    },
    {
      "FirstName": "Shannon",
      "LastName": "Lynch",
      "DateOfBirth": "04/10/1995",
      "StartDate": "1/04/2023",
      "Department": "QA",
      "JobTitle": "QA analyst",
      "Email": "shannonlynch@outlook.com.au",
      "Mobile": "0408826332",
      "Address": "29 Baronga Street Jordan Springs 2747 NSW",
      "BaseSalary": "120000",
      "id": 67
    },
    {
      "FirstName": "Shannon",
      "LastName": "Lynch",
      "DateOfBirth": "04/10/1995",
      "StartDate": "1/04/2023",
      "Department": "QA",
      "JobTitle": "QA analyst",
      "Email": "shannonlynch@outlook.com.au",
      "Mobile": "0408826332",
      "Address": "29 Baronga Street Jordan Springs 2747 NSW",
      "BaseSalary": "120000",
      "id": 68
    },
    {
      "FirstName": "Shannon",
      "LastName": "Lynch",
      "DateOfBirth": "04/10/1995",
      "StartDate": "1/04/2023",
      "Department": "QA",
      "JobTitle": "QA analyst",
      "Email": "shannonlynch@outlook.com.au",
      "Mobile": "0408826332",
      "Address": "29 Baronga Street Jordan Springs 2747 NSW",
      "BaseSalary": "120000",
      "id": 69
    },
    {
      "FirstName": "Shannon",
      "LastName": "Lynch",
      "DateOfBirth": "04/10/1995",
      "StartDate": "1/04/2023",
      "Department": "QA",
      "JobTitle": "QA analyst",
      "Email": "shannonlynch@outlook.com.au",
      "Mobile": "0408826332",
      "Address": "29 Baronga Street Jordan Springs 2747 NSW",
      "BaseSalary": "120000",
      "id": 70
    },
    {
      "FirstName": "Shannon",
      "LastName": "Lynch",
      "DateOfBirth": "04/10/1995",
      "StartDate": "1/04/2023",
      "Department": "QA",
      "JobTitle": "QA analyst",
      "Email": "shannonlynch@outlook.com.au",
      "Mobile": "0408826332",
      "Address": "29 Baronga Street Jordan Springs 2747 NSW",
      "BaseSalary": "120000",
      "id": 71
    },
    {
      "FirstName": "Shannon",
      "LastName": "Lynch",
      "DateOfBirth": "04/10/1995",
      "StartDate": "1/04/2023",
      "Department": "QA",
      "JobTitle": "QA analyst",
      "Email": "shannonlynch@outlook.com.au",
      "Mobile": "0408826332",
      "Address": "29 Baronga Street Jordan Springs 2747 NSW",
      "BaseSalary": "120000",
      "id": 72
    },
    {
      "FirstName": "Shannon",
      "LastName": "Lynch",
      "DateOfBirth": "04/10/1995",
      "StartDate": "1/04/2023",
      "Department": "QA",
      "JobTitle": "QA analyst",
      "Email": "shannonlynch@outlook.com.au",
      "Mobile": "0408826332",
      "Address": "29 Baronga Street Jordan Springs 2747 NSW",
      "BaseSalary": "120000",
      "id": 73
    },
    {
      "FirstName": "Shannon",
      "LastName": "Lynch",
      "DateOfBirth": "04/10/1995",
      "StartDate": "1/04/2023",
      "Department": "QA",
      "JobTitle": "QA analyst",
      "Email": "shannonlynch@outlook.com.au",
      "Mobile": "0408826332",
      "Address": "29 Baronga Street Jordan Springs 2747 NSW",
      "BaseSalary": "120000",
      "id": 74
    }
  ]
}